Model,Release date,Max resolution,Low resolution,Effective pixels,Zoom wide (W),Zoom tele (T),Normal focus range,Macro focus range,Storage included,Weight (inc. batteries)
STRING,DOUBLE,DOUBLE,DOUBLE,DOUBLE,DOUBLE,DOUBLE,DOUBLE,DOUBLE,DOUBLE,DOUBLE
Agfa ePhoto 1280,1997,1024,640,0,38,114,70,40,4,420
Agfa ePhoto 1680,1998,1280,640,1,38,114,50,0,4,420
Agfa ePhoto CL18,2000,640,0,0,45,45,0,0,2,0
Agfa ePhoto CL30,1999,1152,640,0,35,35,0,0,4,0
Agfa ePhoto CL30 Clik!,1999,1152,640,0,43,43,50,0,40,300
Agfa ePhoto CL45,2001,1600,640,1,51,51,50,20,8,270
Agfa ePhoto CL50,1999,1280,640,1,34,102,0,0,8,0
Canon PowerShot 350,1997,640,0,0,42,42,70,3,2,320
Canon PowerShot 600,1996,832,640,0,50,50,40,10,1,460
Canon PowerShot A10,2001,1280,1024,1,35,105,76,16,8,375
Canon PowerShot A100,2002,1280,1024,1,39,39,20,5,8,225
Canon PowerShot A20,2001,1600,1024,1,35,105,76,16,8,375
Canon PowerShot A200,2002,1600,1024,1,39,39,20,5,8,225
Canon PowerShot A30,2002,1280,1024,1,35,105,76,16,8,350
Canon PowerShot A300,2003,2048,1600,3,33,33,20,5,32,225
Canon PowerShot A310,2004,2048,1600,3,33,33,0,5,0,205
Canon PowerShot A40,2002,1600,1024,1,35,105,76,16,8,350
Canon PowerShot A400,2004,2048,1600,3,45,100,0,5,16,255
Canon PowerShot A410,2005,2048,1600,3,41,131,0,1,16,195
Canon PowerShot A420,2006,2272,1600,4,39,125,47,1,16,200
Canon PowerShot A430,2006,2272,1600,4,39,156,47,1,16,210
Canon PowerShot A450,2007,2592,2048,5,38,122,47,1,16,215
Canon PowerShot A460,2007,2592,2048,5,38,152,47,1,16,215
Canon PowerShot A5,1998,1024,512,0,35,35,50,9,8,240
Canon PowerShot A50,1999,1280,640,1,28,70,50,17,8,290
Canon PowerShot A510,2005,2048,1600,3,35,140,0,5,16,230
Canon PowerShot A520,2005,2272,1600,3,35,140,0,5,16,230
Canon PowerShot A530,2006,2592,2048,5,35,140,45,5,16,220
Canon PowerShot A540,2006,2816,2272,6,35,140,45,5,16,230
Canon PowerShot A550,2007,3072,2592,7,35,140,45,5,16,210
Canon PowerShot A560,2007,3072,2592,7,35,140,45,5,16,205
Canon PowerShot A570 IS,2007,3072,2592,7,35,140,45,5,16,215
Canon PowerShot A5 Zoom,1999,1024,512,0,28,70,50,17,8,290
Canon PowerShot A60,2003,1600,1024,1,35,105,46,5,16,315
Canon PowerShot A610,2005,2592,2592,5,35,140,0,1,16,285
Canon PowerShot A620,2005,3072,3072,7,35,140,0,1,32,285
Canon PowerShot A630,2006,3264,2592,8,35,140,0,1,16,315
Canon PowerShot A640,2006,3648,2816,10,35,140,0,1,32,315
Canon PowerShot A650 IS,2007,4000,3264,12,35,210,0,1,32,300
Canon PowerShot A70,2003,2048,1600,3,35,105,46,5,16,315
Canon PowerShot A700,2006,2816,2272,6,35,210,55,1,16,250
Canon PowerShot A710 IS,2006,3072,2592,7,35,210,55,1,16,210
Canon PowerShot A720 IS,2007,3264,2592,8,35,210,55,1,16,250
Canon PowerShot A75,2004,2048,1600,3,35,105,46,5,32,315
Canon PowerShot A80,2003,2272,1600,3,38,114,46,5,32,350
Canon PowerShot A85,2004,2272,1600,4,35,105,0,5,32,300
Canon PowerShot A95,2004,2592,2048,5,38,114,45,5,32,335
Canon EOS 10D,2003,3072,2048,6,0,0,0,0,0,875
Canon EOS-1D,2001,2464,1232,4,0,0,0,0,0,1585
Canon EOS-1D Mark II,2004,3504,3104,8,0,0,0,0,0,1565
Canon EOS-1D Mark III,2007,3888,3456,10,0,0,0,0,0,1335
Canon EOS-1D Mark II N,2005,3504,3104,8,0,0,0,0,0,1565
Canon EOS-1Ds,2002,4064,2032,11,0,0,0,0,0,1585
Canon EOS-1Ds Mark II,2004,4992,3600,16,0,0,0,0,0,1565
Canon EOS-1Ds Mark III,2007,5616,4992,21,0,0,0,0,0,1385
Canon EOS 20D,2004,3504,2544,8,0,0,0,0,0,770
Canon EOS 20Da,2005,3504,2544,8,0,0,0,0,0,770
Canon EOS 300D / Digital Rebel,2003,3072,2048,6,0,0,0,0,0,645
Canon EOS 30D,2006,3504,2544,8,0,0,0,0,0,784
Canon EOS 350D / Digital Rebel XT,2005,3456,2496,8,0,0,0,0,0,540
Canon EOS 400D / Digital Rebel XTi,2006,3888,2816,10,0,0,0,0,0,556
Canon EOS 40D,2007,3888,2816,10,0,0,0,0,0,822
Canon EOS 5D,2005,4368,3168,12,0,0,0,0,0,895
Canon EOS D30,2000,2160,1440,3,0,0,0,0,16,855
Canon EOS D60,2002,3072,2048,6,0,0,0,0,16,855
Canon PowerShot G1,2000,2048,1024,3,34,102,70,6,16,490
Canon PowerShot G2,2001,2272,1600,3,34,102,70,6,32,510
Canon PowerShot G3,2002,2272,1600,3,35,140,50,5,32,490
Canon PowerShot G5,2003,2592,1600,5,35,140,50,5,32,490
Canon PowerShot G6,2004,3072,2592,7,35,140,50,5,32,467
Canon PowerShot G7,2006,3648,2816,10,35,210,50,1,32,380
Canon PowerShot G9,2007,4000,3264,12,35,210,50,1,32,370
Canon PowerShot Pro1,2004,3264,2272,8,28,200,50,3,64,640
Canon PowerShot Pro70,1998,1536,768,1,28,70,32,12,8,800
Canon PowerShot Pro90 IS,2001,1856,1024,2,37,370,10,10,16,680
Canon PowerShot S10,1999,1600,1280,1,35,70,46,12,8,320
Canon PowerShot S100,2000,1600,640,1,35,70,57,10,8,250
Canon PowerShot S110,2001,1600,1024,1,35,70,57,10,8,250
Canon PowerShot S1 IS,2004,2048,1600,3,38,380,10,10,32,469
Canon PowerShot S20,2000,2048,1024,3,32,64,66,12,16,320
Canon PowerShot S200,2002,1600,1024,1,35,70,57,10,8,250
Canon PowerShot S230,2002,2048,1600,3,35,70,47,10,16,250
Canon PowerShot S2 IS,2005,2592,2048,5,36,432,50,10,16,505
Canon PowerShot S30,2001,2048,1600,3,35,105,80,10,16,323
Canon PowerShot S300,2001,1600,1024,1,35,105,76,16,8,270
Canon PowerShot S330,2002,1600,1024,1,35,105,76,16,8,274
Canon PowerShot S3 IS,2006,2816,2272,6,36,432,50,10,16,510
Canon PowerShot S40,2001,2272,1600,3,35,105,80,10,16,323
Canon PowerShot S400,2003,2272,1600,3,36,108,46,5,32,230
Canon PowerShot S410,2004,2272,1600,3,36,108,0,5,32,215
Canon PowerShot S45,2002,2272,1600,3,35,105,50,10,32,323
Canon PowerShot S50,2003,2592,1600,5,35,105,50,10,32,323
Canon PowerShot S500,2004,2592,2048,5,36,108,0,5,32,215
Canon PowerShot S5 IS,2007,3264,2272,8,36,432,50,10,32,550
Canon PowerShot S60,2004,2592,1600,5,28,100,50,4,32,300
Canon PowerShot S70,2004,3072,2592,7,28,100,50,4,32,300
Canon PowerShot S80,2005,3264,2592,8,28,100,50,4,32,290
Canon PowerShot SD10,2003,2272,1600,3,38,38,0,3,32,140
Canon PowerShot SD100,2003,2048,1600,3,35,70,47,10,16,185
Canon PowerShot SD1000,2007,3072,2592,7,35,105,0,5,32,175
Canon PowerShot SD110,2004,2048,1600,3,35,70,0,10,16,195
Canon PowerShot SD20,2004,2592,2048,5,39,39,0,3,32,140
Canon PowerShot SD200,2004,2048,1600,3,35,105,0,3,16,135
Canon PowerShot SD30,2005,2592,2048,5,38,90,0,10,16,120
Canon PowerShot SD300,2004,2272,1600,3,35,105,0,3,16,147
Canon PowerShot SD40,2006,3072,2592,7,38,90,0,10,16,120
Canon PowerShot SD400,2005,2592,2048,5,35,105,0,3,16,150
Canon PowerShot SD430 Wireless,2005,2592,2048,5,35,105,0,3,16,185
Canon PowerShot SD450,2005,2592,2048,5,35,105,0,3,16,155
Canon PowerShot SD500,2005,3072,2592,7,37,111,0,5,32,200
Canon PowerShot SD550,2005,3072,2592,7,37,111,0,5,32,185
Canon PowerShot SD600,2006,2816,2272,6,35,105,30,3,16,170
Canon PowerShot SD630,2006,2816,2272,6,35,105,30,3,16,175
Canon PowerShot SD700 IS,2006,2816,2272,6,35,140,45,2,16,195
Canon PowerShot SD750,2007,3072,2592,7,35,105,0,5,32,170
Canon PowerShot SD800 IS,2006,3072,2592,7,28,105,0,3,16,195
Canon PowerShot SD850 IS,2007,3264,2272,8,35,140,45,2,32,195
Canon PowerShot SD870 IS,2007,3264,2592,8,28,105,45,2,32,165
Canon PowerShot SD900,2006,3648,2816,10,37,111,0,5,32,205
Canon PowerShot SD950 IS,2007,4000,3264,12,36,133,50,5,32,205
Canon PowerShot SX100 IS,2007,3264,2592,8,36,360,50,1,32,316
Canon PowerShot TX1,2007,3072,2592,7,39,390,50,10,0,260
Casio Exilim EX-P505,2005,2560,2048,4,38,190,40,1,7,275
Casio Exilim EX-P600,2004,2816,2048,5,33,132,40,10,9,275
Casio Exilim EX-P700,2004,3072,2304,7,33,132,40,10,9,275
Casio Exilim EX-S100,2004,2048,1600,3,36,102,40,17,9,123
Casio Exilim EX-S20,2003,1600,1280,1,35,35,80,30,10,100
Casio Exilim EX-S3,2003,2048,1600,3,35,35,80,80,10,110
Casio Exilim EX-S500,2005,2560,2304,4,38,114,40,17,8,125
Casio Exilim EX-S600,2005,2816,2304,6,38,114,40,15,8,155
Casio Exilim EX-S600d,2006,2816,2304,6,38,114,40,15,8,155
Casio Exilim EX-S880,2007,3264,2816,8,38,114,50,15,10,138
Casio Exilim EX-V7,2007,3072,2560,7,38,266,30,10,11,190
Casio Exilim EX-V8,2007,3264,2816,8,38,266,40,10,11,199
Casio Exilim EX-Z10,2005,2560,2304,5,35,114,40,6,8,154
Casio Exilim EX-Z1000,2006,3648,2560,10,38,114,40,6,8,185
Casio Exilim EX-Z1050,2007,3648,2560,10,38,114,40,10,15,165
Casio Exilim EX-Z1080,2007,3648,2560,10,38,114,40,10,11,165
Casio Exilim EX-Z110,2005,2816,2304,6,35,114,40,6,8,151
Casio Exilim EX-Z120,2005,3072,2560,7,38,114,50,10,8,154
Casio Exilim EX-Z1200 SR,2007,4000,3264,12,37,111,40,6,11,162
Casio Exilim EX-Z3,2003,2048,1600,3,35,105,40,6,16,170
Casio Exilim EX-Z30,2004,2048,1600,3,35,105,40,6,9,150
Casio Exilim EX-Z4,2003,2304,1600,4,35,105,40,6,16,170
Casio Exilim EX-Z40,2004,2304,1600,4,35,105,40,6,9,150
Casio Exilim EX-Z5,2006,2560,2304,4,38,114,40,10,8,160
Casio Exilim EX-Z50,2004,2560,2048,5,35,105,50,6,9,171
Casio Exilim EX-Z500,2005,2560,2304,5,38,114,40,17,8,127
Casio Exilim EX-Z55,2004,2560,2048,5,35,105,50,6,9,180
Casio Exilim EX-Z57,2005,2560,2048,4,35,105,40,6,9,175
Casio Exilim EX-Z60,2006,2816,2304,6,38,114,40,10,8,148
Casio Exilim EX-Z70,2006,3072,2560,7,38,114,40,10,8,140
Casio Exilim EX-Z700,2006,3072,2560,7,38,114,40,15,8,154
Casio Exilim EX-Z75,2007,3072,2560,7,38,114,40,10,8,156
Casio Exilim EX-Z750,2005,3072,2304,7,38,114,40,10,9,165
Casio Exilim EX-Z77,2007,3072,2560,7,38,114,40,10,11,128
Casio Exilim EX-S770,2006,3072,2560,7,38,114,40,15,6,176
Casio Exilim EX-Z850,2006,3264,2816,8,38,114,40,10,8,185
Casio GV-10,2001,1280,640,1,35,35,60,10,8,320
Casio GV-20,2002,1600,800,1,35,35,60,10,8,320
Casio QV-2000UX,1999,1600,800,1,36,108,50,20,8,320
Casio QV-2100,2001,1600,800,1,41,41,80,20,16,260
Casio QV-2300UX,2000,1600,800,1,41,123,10,1,8,245
Casio QV-2400UX,2001,1600,800,1,41,123,10,1,8,245
Casio QV-2800UX,2000,1600,800,1,40,320,40,1,8,295
Casio QV-2900UX,2001,1600,800,1,40,320,40,1,8,295
Casio QV-3EX,2000,2048,1024,3,41,41,50,10,16,245
Casio QV-300,1996,640,320,0,47,106,60,9,4,290
Casio QV-3000EX,2000,2048,1024,3,33,100,30,6,16,360
Casio QV-3500EX,2001,2048,1024,3,33,100,30,6,16,360
Casio QV-4000,2001,2240,1600,3,34,102,30,6,16,420
Casio QV-5000SX,1998,1280,640,1,35,35,30,10,8,320
Casio QV-5500SX,1999,1280,640,1,36,36,30,10,8,320
Casio QV-5700,2002,2560,1600,4,34,102,30,6,16,420
Casio QV-700,1997,640,0,0,38,38,70,14,4,290
Casio QV-7000SX,1998,1280,640,1,32,64,23,10,8,320
Casio QV-770,1998,640,0,0,38,38,70,14,4,300
Casio QV-8000SX,1999,1280,640,1,40,320,40,1,8,320
Casio QV-R3,2002,2048,1600,3,38,113,40,14,11,240
Casio QV-R4,2002,2304,2240,4,38,113,40,14,11,240
Casio QV-R40,2003,2304,2240,4,39,117,60,10,11,210
Casio QV-R41,2004,2304,2240,3,39,117,60,10,9,198
Casio QV-R51,2004,2560,2048,4,39,117,60,10,9,210
Casio QV-R61,2004,2816,2048,6,39,117,70,10,9,218
Casio QV-R62,2004,2816,2048,6,39,117,70,10,9,218
Contax N Digital,2000,3040,0,6,0,0,0,0,0,0
Contax TVS Digital,2002,2560,1600,4,35,105,60,15,0,260
Epson PhotoPC 800,1999,1600,640,1,38,38,50,15,8,280
Epson PhotoPC 850 Zoom,1999,1600,640,1,35,105,0,0,0,0
Epson PhotoPC L-500V,2004,2560,1600,4,34,102,50,5,16,200
Epson PhotoPC 3000 Zoom,2000,2048,640,3,34,102,50,5,16,360
Epson PhotoPC 3100 Zoom,2001,2048,1600,3,34,102,50,5,16,360
Epson PhotoPC 500,1997,640,320,0,43,43,60,20,2,320
Epson PhotoPC 550,1997,640,320,0,43,43,60,10,1,170
Epson PhotoPC 600,1997,1024,640,0,36,36,50,20,4,270
Epson PhotoPC 650,1999,1152,640,0,39,39,60,15,8,400
Epson PhotoPC 700,1998,1280,640,1,35,35,50,10,4,0
Epson PhotoPC 750 Zoom,1998,1280,640,1,34,102,80,20,8,0
Epson PhotoPC L-300,2003,2048,1600,3,34,102,50,11,16,285
Epson PhotoPC L-400,2003,2304,1600,4,34,102,50,11,16,285
Epson PhotoPC L-410,2004,2304,1600,4,34,102,50,11,16,203
Epson R-D1,2004,3008,2240,6,0,0,0,0,0,620
Fujifilm FinePix 40i,2000,2400,1280,2,36,36,50,6,64,200
Fujifilm FinePix 50i,2001,2400,1600,2,36,36,50,6,64,200
Fujifilm DS-260HD,1999,1280,640,1,35,105,90,25,4,700
Fujifilm DS-300,1997,1280,640,1,35,105,20,20,0,700
Fujifilm FinePix 1300,2000,1280,640,1,38,38,80,8,8,240
Fujifilm FinePix 2300,2001,1600,1280,1,36,36,80,8,8,240
Fujifilm FinePix 2400 Zoom,2000,1600,1280,1,38,114,80,10,8,290
Fujifilm FinePix 2600 Zoom,2001,1600,1280,1,38,114,80,10,16,260
Fujifilm FinePix 2650,2002,1600,1280,1,38,114,80,8,16,235
Fujifilm FinePix 2800 Zoom,2001,1600,1280,1,38,228,80,10,16,360
Fujifilm Finepix 30i,2001,1600,1280,1,38,38,60,8,16,200
Fujifilm FinePix 3800,2002,2048,1600,3,38,228,80,10,16,400
Fujifilm FinePix 4800 Zoom,2001,2400,1600,2,36,108,60,20,16,280
Fujifilm FinePix 4900 Zoom,2000,2400,1600,2,35,210,50,10,16,450
Fujifilm FinePix 6800 Zoom,2001,2832,2048,3,36,108,60,20,16,280
Fujifilm FinePix 6900 Zoom,2001,2832,2048,3,35,210,50,10,16,450
Fujifilm FinePix A101,2001,1280,640,1,36,36,80,8,8,190
Fujifilm FinePix A120,2004,2016,1600,3,38,38,80,9,16,170
Fujifilm FinePix A200,2002,1600,1280,1,36,36,80,8,16,180
Fujifilm FinePix A201,2001,1600,1280,1,36,36,80,8,16,190
Fujifilm FinePix A203,2002,1600,1280,1,38,114,60,10,16,180
Fujifilm FinePix A205 Zoom,2003,1600,1280,1,36,108,80,10,16,225
Fujifilm FinePix A210 Zoom,2003,2048,1600,3,36,108,80,10,16,225
Fujifilm FinePix A303,2002,2048,1600,3,38,114,60,10,16,180
Fujifilm FinePix A310 Zoom,2003,2816,2048,3,38,114,60,10,16,190
Fujifilm FinePix A330,2004,2016,1600,3,38,114,60,10,16,160
Fujifilm FinePix A340,2004,2272,1600,4,38,114,60,10,16,160
Fujifilm FinePix A345 Zoom,2005,2304,2048,4,35,105,60,6,16,192
Fujifilm FinePix A350 Zoom,2005,2592,2048,5,35,105,60,6,16,192
Fujifilm FinePix A400 Zoom,2006,2303,1600,4,38,114,60,10,12,170
Fujifilm FinePix A500 Zoom,2006,2592,2048,5,38,114,60,10,12,170
Fujifilm FinePix A600 Zoom,2006,2848,2048,6,36,108,50,10,12,195
Fujifilm FinePix A610,2007,2848,2048,6,39,117,60,10,10,195
Fujifilm FinePix A800,2007,3296,2304,8,36,108,50,10,10,200
Fujifilm FinePix A820,2007,3296,2304,8,39,156,60,10,10,205
Fujifilm FinePix A900,2007,3488,2048,9,39,156,60,10,10,205
Fujifilm FinePix A920,2007,3488,2592,9,39,156,60,10,10,206
Fujifilm FinePix E500 Zoom,2004,2304,1600,4,28,91,60,6,16,226
Fujifilm FinePix E510 Zoom,2004,2592,2048,5,28,91,60,2,16,226
Fujifilm FinePix E550 Zoom,2004,4048,2048,6,32,130,60,7,16,260
Fujifilm FinePix E900 Zoom,2005,3488,2592,9,32,128,60,7,16,260
Fujifilm FinePix F10 Zoom,2005,2848,2048,6,36,108,60,8,16,190
Fujifilm FinePix F11 Zoom,2005,2848,2048,6,36,108,60,5,16,190
Fujifilm FinePix F20 Zoom,2006,2848,2048,6,36,108,60,5,10,190
Fujifilm FinePix F30 Zoom,2006,2848,2048,6,36,108,60,5,10,185
Fujifilm FinePix F31 fd,2006,2848,2048,6,36,108,60,5,26,185
Fujifilm FinePix F401 Zoom,2002,2304,1600,2,38,114,60,10,16,200
Fujifilm FinePix F402,2002,2304,1600,2,39,39,50,6,16,145
Fujifilm FinePix F40 fd,2007,3296,2304,8,36,108,45,7,25,181
Fujifilm FinePix F410 Zoom,2003,2816,2048,3,38,114,60,10,16,205
Fujifilm FinePix F420 Zoom,2003,2816,2048,3,36,108,60,8,16,180
Fujifilm FinePix F440 Zoom,2004,2304,1600,3,38,130,60,9,16,180
Fujifilm FinePix F450 Zoom,2004,2592,2048,5,38,130,60,9,16,180
Fujifilm FinePix F455 Zoom,2004,2592,2048,5,38,130,60,9,16,180
Fujifilm FinePix F470 Zoom,2006,2816,2048,6,35,105,70,10,16,150
Fujifilm FinePix F480 Zoom,2007,3264,2304,8,28,112,40,5,12,170
Fujifilm FinePix F50 fd,2007,4000,2848,12,35,105,45,7,25,205
Fujifilm FinePix F601Z,2002,2832,2048,3,36,108,60,20,16,280
Fujifilm FinePix F610,2003,4048,2848,6,35,105,60,9,16,205
Fujifilm FinePix F650 Zoom,2006,2816,2048,6,36,180,60,3,32,200
Fujifilm FinePix F700,2003,2832,2048,3,35,105,60,9,16,205
Fujifilm FinePix F710,2004,2832,2048,3,32,130,60,8,16,225
Fujifilm FinePix F810 Zoom,2004,4048,2848,6,32,130,60,7,16,250
Fujifilm FinePix IS-1,2007,3488,2592,9,28,300,0,0,0,750
Fujifilm FinePix M603,2002,2832,2048,3,38,76,60,20,16,280
Fujifilm FinePix S20 Pro,2004,2832,2016,6,35,210,50,1,16,597
Fujifilm FinePix S3000 Z,2003,2048,1600,3,38,228,80,10,16,400
Fujifilm FinePix S3500 Zoom,2004,2272,1600,4,39,234,80,10,16,385
Fujifilm FinePix S5000 Z,2003,2816,2048,3,37,370,90,10,16,430
Fujifilm FinePix S5100 Zoom,2004,2272,1600,4,37,370,90,10,16,387
Fujifilm FinePix S5200 Zoom,2005,2592,2048,5,38,380,90,1,16,470
Fujifilm FinePix S5700 Zoom,2007,3072,2304,7,38,380,30,10,27,406
Fujifilm FinePix S6000 fd,2006,2848,2048,6,28,300,40,10,10,700
Fujifilm FinePix S602Z,2002,2832,2048,3,35,210,50,1,16,590
Fujifilm FinePix S602Z Pro,2002,2832,2048,3,35,210,50,1,340,590
Fujifilm FinePix S7000 Z,2003,4048,2848,6,35,210,50,1,16,590
Fujifilm FinePix S8000 fd,2007,3264,2304,8,27,486,70,10,58,510
Fujifilm FinePix S9000 Z,2005,3488,2592,9,28,300,50,1,16,745
Fujifilm FinePix S9100,2006,3488,2592,9,28,300,0,0,0,750
Fujifilm FinePix V10 Zoom,2006,2592,2048,5,36,130,60,9,16,185
Fujifilm FinePix Z1,2005,2592,2048,5,36,108,60,8,16,170
Fujifilm FinePix Z10  fd,2007,3072,2304,7,38,114,60,8,54,160
Fujifilm FinePix Z2,2005,2592,2048,5,36,108,60,8,16,170
Fujifilm FinePix Z3,2006,2592,2048,5,36,108,60,8,10,170
Fujifilm FinePix IS Pro,2007,4256,3024,6,0,0,0,0,0,920
Fujifilm MX-1200,1999,1280,640,1,38,38,70,10,4,240
Fujifilm MX-1400,2000,1280,640,1,38,114,80,10,4,390
Fujifilm MX-1500,1999,1280,640,1,38,38,50,10,4,250
Fujifilm MX-1700,1999,1280,640,1,38,114,80,20,8,270
Fujifilm MX-2700,1999,1800,1280,2,35,35,50,9,4,260
Fujifilm MX-2900 Zoom,1999,1800,1280,2,35,105,90,25,8,385
Fujifilm FinePix 4700 Zoom,2000,2400,1280,2,36,108,80,20,16,280
Fujifilm MX-500,1998,1280,640,1,35,35,50,9,2,220
Fujifilm MX-600 Zoom,1999,1280,640,1,38,115,90,25,4,0
Fujifilm MX-700,1998,1280,640,1,35,35,50,9,2,260
Fujifilm FinePix S1 Pro,2000,3040,2340,3,0,0,0,0,16,820
Fujifilm FinePix S2 Pro,2002,4256,3024,6,0,0,0,0,0,850
Fujifilm FinePix S3 Pro,2004,4256,3024,6,0,0,0,0,0,930
Fujifilm FinePix S5 Pro,2006,4256,3024,6,0,0,0,0,0,920
HP Photosmart 320,2002,1632,640,2,38,38,75,0,8,240
HP Photosmart 435,2003,2048,640,3,36,36,85,85,16,190
HP Photosmart 620,2002,1632,640,2,36,102,20,20,8,280
HP Photosmart 635,2003,1636,640,2,38,114,80,10,16,240
HP Photosmart 715,2001,2048,640,3,34,102,60,20,16,320
HP Photosmart 720,2002,2048,640,3,34,102,20,20,16,340
HP Photosmart 735,2003,2080,0,3,38,114,0,0,16,290
HP Photosmart 812,2002,2272,1136,3,37,111,50,14,0,245
HP Photosmart 850,2002,2272,1136,3,37,300,50,10,0,489
HP Photosmart 935,2003,2608,1296,5,37,111,50,14,32,260
HP Photosmart 945,2003,2608,1296,5,37,300,50,10,32,500
HP Photosmart C20,1998,1152,576,1,39,39,60,20,4,300
HP Photosmart C200,1999,1152,640,1,35,35,60,20,8,300
HP Photosmart C215,2000,1280,640,1,43,43,60,10,4,290
HP Photosmart C30,1998,1152,576,1,35,35,60,20,4,300
HP Photosmart C315,2000,1600,640,1,38,38,30,30,8,280
HP Photosmart C500,1999,1600,640,1,38,115,0,0,16,410
HP Photosmart C618,2000,1600,800,1,34,108,50,10,16,630
HP Photosmart C912,2000,1600,800,1,34,108,50,10,16,150
HP Photosmart E317,2005,2560,2048,5,35,35,60,10,16,231
HP Photosmart E327,2006,2560,2048,5,35,35,60,0,16,170
HP Photosmart E337,2007,2576,0,5,36,36,100,0,16,170
HP Photosmart M22,2005,2320,1600,4,36,36,0,0,16,172
HP Photosmart M23,2005,2320,1600,4,36,36,0,10,16,172
HP Photosmart M307,2004,2080,1280,3,40,111,80,10,16,177
HP Photosmart M407,2004,2320,1280,4,40,111,50,10,16,190
HP Photosmart M417,2005,2576,2048,5,36,108,50,12,16,181
HP Photosmart M425,2006,2576,2080,5,38,114,50,12,32,172
HP Photosmart M437,2007,2576,0,5,38,114,50,10,16,190
HP Photosmart M517,2005,2576,2048,5,36,108,80,12,16,190
HP Photosmart M525,2006,2800,2288,6,38,114,50,12,16,192
HP Photosmart M527,2006,2800,2288,6,38,114,50,12,16,227
HP Photosmart M537,2007,2848,0,6,38,114,50,0,32,157
HP Photosmart Mz67,2007,3264,0,8,35,210,0,14,32,157
HP Photosmart R507,2004,2320,1280,4,35,105,50,6,32,205
HP Photosmart R607,2004,2320,1280,4,35,105,50,14,32,205
HP Photosmart R707,2004,2608,1296,5,39,117,50,14,32,150
HP Photosmart R717,2005,2864,2592,6,39,117,50,10,32,150
HP Photosmart R725,2006,2864,2592,6,39,118,50,10,32,136
HP Photosmart R727,2006,2864,2592,6,39,118,50,5,32,190
HP Photosmart R742,2007,3096,0,7,36,108,50,3,32,190
HP Photosmart R817,2005,2592,2048,5,36,180,20,3,32,205
HP Photosmart R818,2005,2592,2048,5,36,180,20,1,32,200
HP Photosmart R837,2007,3112,0,7,39,118,50,12,32,227
HP Photosmart R927,2006,3296,2592,8,35,105,50,10,,
HP Photosmart R937,2007,3298,0,8,39,118,50,,,
JVC GC-QX3HD,2001,2032,1024,3,37,86,50,2,8,320
JVC GC-QX5HD,2001,2032,1024,3,37,86,50,2,16,320
Kodak C300,2005,2096,0,3,37,37,80,0,16,198
Kodak C310,2005,2336,2313,4,35,35,85,85,16,154
Kodak C330,2005,2336,2304,4,34,102,60,13,16,180
Kodak C340,2005,2576,0,5,34,102,60,13,16,198
Kodak C360,2005,2690,2569,5,34,102,60,7,32,170
Kodak C433,2006,2304,2048,4,36,108,60,10,16,180
Kodak C513,2007,2572,2048,5,36,108,60,13,16,188
Kodak C533,2006,2576,2048,5,37,111,60,10,16,200
Kodak C613,2007,2848,2048,6,36,108,60,13,16,187
Kodak C643,2006,2848,2304,6,36,108,60,13,22,195
Kodak C653,2007,2848,2304,6,36,108,60,10,22,195
Kodak C663,2006,2832,2304,6,34,102,60,5,32,190
Kodak C743,2006,3072,2304,7,37,111,60,13,32,195
Kodak C763,2007,3072,2592,7,35,105,60,5,32,180
Kodak C875,2006,3264,2560,8,37,185,60,10,32,225
Kodak CX4200,2002,1632,0,2,37,37,75,20,16,250
Kodak CX4230,2002,1632,0,2,36,108,50,10,16,280
Kodak CX4300,2002,2080,0,3,38,76,30,15,16,250
Kodak CX6200,2003,1632,0,2,37,37,50,50,8,195
Kodak CX6230,2003,1632,0,2,36,108,50,50,16,225
Kodak CX6330,2003,2032,0,3,37,111,60,60,16,225
Kodak CX7220,2004,0,0,2,37,78,50,60,16,195
Kodak CX7300,2004,2096,0,3,37,37,80,0,16,162
Kodak CX7330,2004,2032,0,3,37,111,60,13,16,225
Kodak CX7430,2004,2408,0,4,34,102,60,10,16,198
Kodak CX7530,2004,2560,0,4,34,102,60,10,32,240
Kodak DC200,1998,1152,640,0,39,39,70,0,4,400
Kodak DC200 plus,1999,1152,640,0,39,39,70,0,4,400
Kodak DC210 plus,1998,1152,640,0,29,58,50,20,8,400
Kodak DC215,1999,1152,640,0,29,58,50,20,4,320
Kodak DC220,1998,1152,640,0,29,58,50,20,8,550
Kodak DC240,1999,1280,640,1,39,117,50,25,8,420
Kodak DC260,1998,1536,768,1,38,115,30,0,8,550
Kodak DC265,1999,1536,768,1,38,115,30,0,16,550
Kodak DC280,1999,1760,896,2,30,60,50,25,20,420
Kodak DC290,1999,1792,1440,2,38,115,30,0,20,550
Kodak DC3200,2000,1152,576,0,39,39,60,0,2,240
Kodak DC3400,2000,1760,896,2,38,76,50,25,20,420
Kodak DC3800,2000,1760,896,2,33,33,50,20,0,200
Kodak DC4800,2000,2160,1800,3,28,84,50,20,16,320
Kodak DC5000,2000,1760,896,2,30,60,50,20,16,459
Kodak DCS 14n,2002,4536,3024,13,0,0,0,0,0,1000
Kodak DCS315,1998,1520,0,1,0,0,0,0,0,1800
Kodak DCS330,1999,2008,0,3,0,0,0,0,0,1080
Kodak DCS420,1994,1524,0,1,0,0,0,0,0,1700
Kodak DCS460,1995,3060,0,6,0,0,0,0,0,1700
Kodak DCS520,1998,1728,0,2,0,0,0,0,0,1650
Kodak DCS560,1998,3040,0,6,0,0,0,0,0,1650
Kodak DCS620,1999,1728,0,2,0,0,0,0,0,1580
Kodak DCS620x,2000,1728,0,2,0,0,0,0,0,1580
Kodak DCS660,1999,3040,0,6,0,0,0,0,0,1580
Kodak DCS720x,2001,1728,0,2,0,0,0,0,0,1580
Kodak DCS760,2001,3032,0,6,0,0,0,0,0,1860
Kodak DCS SLR/c,2004,4500,3000,13,0,0,0,0,0,1000
Kodak DCS SLR/n,2004,4500,3000,13,0,0,0,0,0,1000
Kodak DX3215,2001,1280,0,1,30,60,75,22,8,260
Kodak DX3500,2001,1800,900,2,38,38,75,22,8,225
Kodak DX3600,2001,1800,900,2,35,70,50,28,8,250
Kodak DX3700,2001,2160,0,3,37,37,50,15,8,250
Kodak DX3900,2001,2160,1800,3,35,70,50,7,8,260
Kodak DX4330,2002,2160,1800,3,38,114,60,7,16,260
Kodak DX4530,2003,2580,0,5,38,114,60,7,32,210
Kodak DX4900,2002,2448,2160,4,35,70,50,7,16,260
Kodak DX6340,2003,2032,0,3,36,144,50,10,16,280
Kodak DX6440,2003,2304,0,4,33,132,50,10,16,270
Kodak DX6490,2003,2304,0,4,38,380,60,12,16,380
Kodak DX7440,2004,2304,2048,4,33,132,50,10,32,270
Kodak DX7590,2004,2576,2576,5,38,380,60,12,32,400
Kodak DX7630,2004,2872,0,6,39,117,60,7,32,270
Kodak Easyshare One,2005,2304,0,4,36,100,60,10,256,275
Kodak LS420,2002,1752,876,2,38,38,80,0,8,160
Kodak LS443,2002,2448,2160,4,35,105,70,13,16,260
Kodak LS633,2003,2041,0,3,37,111,60,13,16,260
Kodak LS743,2004,2304,0,4,36,100,60,12,16,220
Kodak LS753,2004,2569,0,5,36,108,60,12,32,220
Kodak LS755,2004,2592,2288,5,36,108,70,5,16,210
Kodak M753,2007,3056,2592,7,37,111,40,7,16,165
Kodak M853,2007,3296,2592,8,37,111,40,7,16,165
Kodak M873,2007,3264,2592,8,38,114,70,10,32,160
Kodak M883,2007,3280,0,8,38,114,70,10,64,166
Kodak mc3,2001,640,0,0,37,37,70,0,16,198
Kodak P712,2006,3072,2592,7,36,432,50,10,32,440
Kodak P850,2005,2592,2048,5,36,432,10,10,32,450
Kodak P880,2005,3264,2560,8,24,140,10,5,32,570
Kodak V1003,2007,3648,2560,10,36,108,60,5,24,185
Kodak V530,2005,2569,2576,5,36,108,60,7,16,150
Kodak V550,2005,2569,2576,5,36,108,60,7,32,160
Kodak V570,2006,2569,2576,5,39,117,0,0,32,175
Kodak V610,2006,2832,2304,6,38,380,0,0,32,195
Kodak V705,2006,3072,2576,7,23,117,60,5,32,165
Kodak V803,2007,3264,2560,8,36,108,60,5,24,185
Kodak Z1275,2007,4000,2832,12,35,175,60,10,64,211
Kodak Z612,2006,2848,2304,6,35,420,50,10,32,330
Kodak Z650,2006,2848,2304,6,38,380,60,12,32,320
Kodak Z700,2005,2304,0,4,35,175,60,10,16,270
Kodak Z710,2006,3072,2592,7,38,380,60,12,32,360
Kodak Z712,2007,3072,2592,7,36,423,60,13,32,350
Kodak Z730,2005,2576,2304,5,33,132,50,10,32,270
Kodak Z740,2005,2576,2304,5,38,380,60,12,32,330
Kodak Z7590,2005,2576,2576,5,38,380,60,12,32,400
Kodak Z760,2005,2872,2856,6,39,117,60,7,32,259
Kodak Z885,2007,3264,2592,8,36,180,60,7,32,211
Kyocera Finecam 3300,2000,2048,1024,3,38,76,60,10,8,240
Kyocera Finecam L30,2003,2048,1024,3,38,115,60,20,16,220
Kyocera Finecam L3V,2003,2048,1600,3,38,115,60,20,16,220
Kyocera Finecam L4V,2003,2304,1600,4,35,105,60,20,16,220
Kyocera Finecam M400R,2004,2272,1600,4,37,370,60,10,0,340
Kyocera Finecam M410R,2004,2272,1600,4,37,370,60,10,0,340
Kyocera Finecam S3,2001,2048,1024,3,38,76,30,6,16,160
Kyocera Finecam S3L,2002,2048,1600,3,35,105,55,12,16,205
Kyocera Finecam S3R,2003,2048,1600,3,35,105,60,17,16,205
Kyocera Finecam S3x,2002,2048,1024,3,35,105,55,12,16,175
Kyocera Finecam S4,2002,2272,1280,3,35,105,55,12,16,175
Kyocera Finecam S5,2002,2560,1600,5,35,105,55,12,16,205
Kyocera Finecam S5R,2003,2560,1600,5,35,105,60,17,16,205
Kyocera Finecam SL300R,2003,2048,1600,3,35,115,60,20,16,175
Kyocera Finecam SL400R,2004,2272,1600,3,35,115,60,20,16,155
Leica C-LUX 1,2006,2816,2048,6,28,102,50,5,16,155
Leica Digilux,1998,1280,640,1,35,35,50,9,2,260
Leica Digilux 1,2002,2240,1600,3,33,100,30,6,32,455
Leica Digilux 2,2003,2560,2048,4,28,90,30,30,64,705
Leica Digilux 3,2006,3136,2560,7,0,0,0,0,0,606
Leica Digilux 4.3,2000,2400,1280,2,36,108,80,20,16,280
Leica Digilux Zoom,2000,1280,640,1,38,114,80,20,8,270
Leica D-LUX 2,2005,3840,3072,8,28,112,50,5,32,220
Leica D-LUX 3,2006,4224,3840,10,28,112,50,5,13,220
Leica M8,2006,3936,2952,10,0,0,0,0,0,591
Leica V-LUX 1,2006,3648,3264,10,35,420,30,5,32,734
Nikon Coolpix 100,1997,512,320,0,52,52,23,14,1,200
Nikon Coolpix 2000,2002,1632,1024,1,38,114,0,0,8,295
Nikon Coolpix 2100,2003,1600,1024,1,36,108,30,4,8,215
Nikon Coolpix 2200,2004,1600,1024,1,36,108,30,4,14,190
Nikon Coolpix 2500,2002,1600,1280,1,37,111,30,4,8,250
Nikon Coolpix 300,1997,640,0,0,45,45,23,14,4,250
Nikon Coolpix 3100,2003,2048,1600,3,38,115,30,4,16,215
Nikon Coolpix 3200,2004,2048,1600,3,38,115,30,4,14,190
Nikon Coolpix 3500,2002,2048,1600,3,37,111,30,4,8,250
Nikon Coolpix 3700,2003,2048,1600,3,35,105,30,3,16,162
Nikon Coolpix 4100,2004,2288,1600,3,35,105,0,0,14,190
Nikon Coolpix 4200,2004,2272,2048,3,38,114,30,4,12,180
Nikon Coolpix 4300,2002,2272,2048,3,38,114,30,4,16,286
Nikon Coolpix 4500,2002,2272,1280,3,38,155,30,2,16,374
Nikon Coolpix 4600,2005,2288,1600,3,34,102,30,4,14,180
Nikon Coolpix 4800,2004,2288,1600,4,36,300,40,1,13,295
Nikon Coolpix 5000,2001,2560,1600,4,28,85,50,2,32,414
Nikon Coolpix 5200,2004,2592,2048,5,38,114,30,4,12,180
Nikon Coolpix 5400,2003,2592,1600,5,28,116,50,1,16,400
Nikon Coolpix 5600,2005,2592,2048,5,34,102,30,4,14,180
Nikon Coolpix 5700,2002,2560,1600,4,35,280,50,3,32,512
Nikon Coolpix 5900,2005,2592,2048,5,38,114,30,4,13,185
Nikon Coolpix 600,1998,1024,512,0,36,36,50,14,8,220
Nikon Coolpix 700,1999,1600,640,1,35,35,30,9,8,340
Nikon Coolpix 7600,2005,3072,2592,7,38,114,30,4,14,195
Nikon Coolpix 775,2001,1600,1024,1,38,115,30,4,8,230
Nikon Coolpix 7900,2005,3072,2592,7,38,114,30,4,13,185
Nikon Coolpix 800,1999,1600,640,1,38,76,30,7,8,360
Nikon Coolpix 8400,2004,3264,2592,8,24,85,50,3,0,470
Nikon Coolpix 8700,2004,3264,2592,8,35,280,50,3,0,512
Nikon Coolpix 880,2000,2048,1024,3,38,95,40,4,8,320
Nikon Coolpix 8800,2004,3264,2592,8,35,350,50,3,0,680
Nikon Coolpix 885,2001,2048,1024,3,38,114,40,4,16,286
Nikon Coolpix 900,1998,1280,640,1,38,115,50,20,4,420
Nikon Coolpix 900S,1998,1280,640,1,38,115,50,20,8,420
Nikon Coolpix 950,1999,1600,1024,1,38,115,30,2,8,480
Nikon Coolpix 990,2000,2048,1024,3,38,115,30,2,16,450
Nikon Coolpix 995,2001,2048,1600,3,38,152,30,2,16,420
Nikon Coolpix L1,2005,2816,2048,6,38,190,50,4,10,195
Nikon Coolpix L10,2007,2560,2048,4,37,112,40,15,7,165
Nikon Coolpix L11,2007,2816,2048,6,37,112,40,15,7,175
Nikon Coolpix L12,2007,3072,2592,7,35,105,50,15,21,175
Nikon Coolpix L14,2007,3072,2048,7,38,114,60,10,23,225
Nikon Coolpix L15,2007,3264,2592,8,35,105,50,15,32,225
Nikon Coolpix L2,2006,2816,2048,6,38,116,30,10,23,170
Nikon Coolpix L3,2006,2592,2048,5,38,116,30,10,23,170
Nikon Coolpix L4,2006,2272,1600,3,38,114,30,4,10,165
Nikon Coolpix L5,2006,3072,2592,7,38,190,50,4,8,210
Nikon Coolpix L6,2006,2816,2048,6,38,116,30,10,23,175
Nikon Coolpix P1,2005,3264,2592,8,35,126,50,4,32,185
Nikon Coolpix P2,2005,2592,2048,5,35,126,50,4,16,185
Nikon Coolpix P3,2006,3264,2592,8,36,126,30,4,23,200
Nikon Coolpix P4,2006,3264,2592,8,36,126,30,4,23,200
Nikon Coolpix P50,2007,3264,3200,8,28,102,50,5,52,210
Nikon Coolpix P5000,2007,3648,2592,10,36,126,30,4,26,240
Nikon Coolpix P5100,2007,4000,3264,12,35,123,30,4,52,250
Nikon Coolpix S1,2005,2592,2048,5,35,105,30,4,12,170
Nikon Coolpix S10,2006,2816,2048,6,38,380,30,4,16,280
Nikon Coolpix S2,2005,2592,2048,5,35,105,30,4,12,160
Nikon Coolpix S200,2007,3072,2592,7,38,114,60,10,20,165
Nikon Coolpix S3,2005,2816,2048,6,35,105,30,4,12,132
Nikon Coolpix S4,2005,2816,2048,6,38,380,30,6,13,225
Nikon Coolpix S5,2006,2816,2048,6,35,105,30,4,21,165
Nikon Coolpix S50,2007,3072,2592,7,38,114,30,4,13,165
Nikon Coolpix S500,2007,3072,2592,7,35,105,50,15,26,165
Nikon Coolpix S50c,2007,3072,2592,7,38,114,30,4,13,165
Nikon Coolpix S51,2007,3264,2592,7,38,114,30,4,13,175
Nikon Coolpix S510,2007,3264,3200,8,35,105,50,15,52,125
Nikon Coolpix S51c,2007,3264,2592,7,38,114,30,4,13,175
Nikon Coolpix S6,2006,2816,2048,6,35,105,30,4,20,170
Nikon Coolpix S7c,2006,3072,2592,7,35,105,30,4,14,170
Nikon Coolpix S9,2006,2816,2048,6,38,114,25,4,24,165
Nikon Coolpix SQ,2003,2016,1600,3,37,111,30,4,16,216
Nikon D1,1999,2000,0,2,0,0,0,0,0,1200
Nikon D100,2002,3008,2240,6,0,0,0,0,0,780
Nikon D1H,2001,2000,0,2,0,0,0,0,0,1200
Nikon D1X,2001,3008,2000,5,0,0,0,0,0,1200
Nikon D200,2005,3872,2896,10,0,0,0,0,0,920
Nikon D2H,2003,2464,1840,4,0,0,0,0,0,1200
Nikon D2Hs,2005,2464,1840,4,0,0,0,0,0,1200
Nikon D2X,2004,4288,3216,12,0,0,0,0,0,1200
Nikon D2Xs,2006,4288,3216,12,0,0,0,0,0,1200
Nikon D3,2007,4256,3184,12,0,0,0,0,0,1300
Nikon D300,2007,4288,3216,12,0,0,0,0,0,925
Nikon D40,2006,3008,2256,6,0,0,0,0,0,522
Nikon D40X,2007,3872,2896,10,0,0,0,0,0,522
Nikon D50,2005,3008,2256,6,0,0,0,0,0,620
Nikon D70,2004,3008,2240,6,0,0,0,0,0,679
Nikon D70s,2005,3008,2240,6,0,0,0,0,0,679
Nikon D80,2006,3872,2896,10,0,0,0,0,0,668
Olympus C-1,2001,1280,640,1,35,35,50,10,8,190
Olympus D-370,2001,1280,1024,1,35,35,60,25,1,190
Olympus D-380,2002,1600,1024,1,35,35,60,25,8,250
Olympus D-150Z,2001,1280,640,1,38,114,50,20,8,190
Olympus C-2,2001,1600,1024,1,36,36,50,10,16,220
Olympus C-2000 Zoom,1999,1600,1024,1,35,105,80,20,8,380
Olympus D-510 Zoom,2001,1600,1024,1,35,105,80,20,8,250
Olympus C-2020 Zoom,1999,1600,1024,1,35,105,80,20,8,380
Olympus C-2040 Zoom,2000,1600,1024,1,40,120,80,20,8,380
Olympus C-21,1999,1600,1024,1,38,38,60,15,8,190
Olympus C-2100 UZ,2000,1600,1280,1,38,380,60,10,8,540
Olympus C-2500 L,1999,1712,1280,2,36,110,80,2,32,530
Olympus C-3000 Zoom,2000,2048,1600,3,32,96,80,20,8,380
Olympus C-300 Zoom,2002,1984,1600,3,36,100,80,20,16,300
Olympus C-3020 Zoom,2001,2048,1600,3,32,96,80,20,8,380
Olympus C-3030 Zoom,2000,2048,1600,3,32,96,80,20,16,380
Olympus C-3040 Zoom,2000,2048,1600,3,35,105,80,20,16,420
Olympus C-4000 Zoom,2002,2288,2048,3,32,96,80,2,16,400
Olympus C-4040 Zoom,2001,2272,2048,3,35,105,80,20,16,420
Olympus D-40 Zoom,2001,2272,2048,3,35,98,80,10,16,270
Olympus C-5000 Zoom,2003,2560,2272,4,38,114,50,4,32,280
Olympus C-5050 Zoom,2002,2560,2288,4,35,105,80,20,32,480
Olympus C-5060 Zoom,2003,2592,2288,5,27,110,80,3,32,480
Olympus C-50 Zoom,2002,2560,2048,4,38,114,50,20,32,230
Olympus C-5500 Sport Zoom,2005,2592,2288,5,38,190,60,8,16,340
Olympus C-60 Zoom,2004,2816,2560,5,38,114,40,4,32,230
Olympus C-7000 Zoom,2004,3072,2592,7,38,190,60,2,32,280
Olympus C-700 UZ,2001,1600,1280,1,38,380,60,10,8,340
Olympus C-7070 Wide Zoom,2005,3072,2592,7,27,110,80,3,32,480
Olympus C-720 UZ,2002,1984,1600,3,40,320,60,10,16,340
Olympus C-730 UZ,2002,2048,1600,3,38,380,60,10,16,400
Olympus C-740 UZ,2003,2048,1600,3,38,380,60,3,16,340
Olympus C-750 UZ,2003,2288,2048,3,38,380,60,3,16,340
Olympus C-765 UZ,2004,2288,2048,3,38,380,60,7,16,310
Olympus C-770 UZ,2004,2288,2048,3,38,380,60,7,32,310
Olympus C-8080 Wide Zoom,2004,3264,2592,8,28,140,80,5,32,724
Olympus D-200L,1996,640,320,0,36,36,75,20,2,320
Olympus D-300L,1996,1024,512,0,36,36,50,20,6,320
Olympus D-340L,1998,1280,640,1,36,36,70,10,4,320
Olympus D-340R,1999,1280,640,1,36,36,70,10,8,320
Olympus D-360L,2000,1280,640,1,36,36,50,10,8,280
Olympus D-390,2003,1600,1024,1,35,35,50,20,16,230
Olympus D-395,2004,2048,1024,3,33,33,50,20,16,210
Olympus D-400 Zoom,1998,1280,640,1,35,105,80,20,8,320
Olympus D-425,2005,2288,1600,3,37,37,50,20,14,170
Olympus D-435,2005,2592,1600,5,36,35,50,20,0,140
Olympus D-450 Zoom,1999,1280,640,1,35,105,80,20,8,320
Olympus D-460 Zoom,2000,1280,640,1,35,105,80,20,8,320
Olympus D-490 Zoom,2000,1600,640,1,35,105,80,20,8,320
Olympus D-500L,1997,1024,640,0,50,150,60,30,2,490
Olympus D-520 Zoom,2002,1600,1024,1,35,105,50,20,8,220
Olympus D-535 Zoom,2004,2048,1600,3,38,114,50,2,12,190
Olympus D-540 Zoom,2004,2048,1600,3,38,114,50,2,16,200
Olympus D-545 Zoom,2005,2288,1600,3,38,114,50,2,14,190
Olympus D-560 Zoom,2003,2048,1024,3,35,105,50,20,16,220
Olympus D-580 Zoom,2004,2288,1600,3,35,105,50,7,16,210
Olympus D-595 Zoom,2005,2560,1600,4,38,114,50,2,14,190
Olympus D-600L,1997,1280,640,1,36,110,60,30,4,0
Olympus D-620L,1998,1280,640,1,36,110,60,30,8,520
Olympus D-630 Zoom,2005,2560,1600,4,35,105,60,10,14,175
Olympus E-1,2003,2560,1600,4,0,0,0,0,0,735
Olympus E-10,2000,2240,1600,3,35,140,60,20,0,1190
Olympus E-100 RS,2000,1368,1280,1,38,380,60,10,16,603
Olympus E-20,2001,2560,1792,4,35,140,60,20,16,1190
Olympus E-3,2007,3648,3200,10,0,0,0,0,0,800
Olympus E-300,2004,3264,3200,8,0,0,0,0,0,624
Olympus E-330,2006,3136,2560,7,0,0,0,0,0,616
Olympus E-400,2006,3648,3200,10,0,0,0,0,0,435
Olympus E-410,2007,3648,3200,10,0,0,0,0,0,435
Olympus E-500,2005,3264,3200,8,0,0,0,0,0,479
Olympus E-510,2007,3648,3200,10,0,0,0,0,0,490
Olympus FE-100,2005,2272,1600,4,35,106,50,5,28,160
Olympus FE-110,2005,2560,1600,5,35,106,50,5,28,160
Olympus FE-115,2006,2560,1600,5,38,106,50,2,28,160
Olympus FE-120,2005,2816,1600,6,38,114,50,5,14,160
Olympus FE-130,2006,2592,2048,5,38,114,10,5,22,160
Olympus FE-140,2006,2816,2048,6,38,114,10,5,22,160
Olympus FE-150,2006,2560,2048,5,32,96,50,6,9,175
Olympus FE-170,2006,2816,2048,6,38,114,0,0,10,175
Olympus FE-180,2006,2816,2048,6,38,114,0,0,10,170
Olympus FE-190,2006,2816,2048,6,38,114,0,0,22,150
Olympus FE-200,2006,2816,2048,6,28,140,0,0,24,195
Olympus FE-210,2007,3072,2048,7,38,114,60,10,9,175
Olympus FE-230,2007,3072,2048,7,38,114,60,10,20,145
Olympus FE-240,2007,3072,2048,7,38,190,70,10,20,145
Olympus FE-250,2007,3264,2048,8,38,105,60,10,20,155
Olympus FE-270,2007,3072,2048,7,38,114,60,5,6,122
Olympus FE-280,2007,3264,2048,8,36,108,60,5,48,108
Olympus FE-290,2007,3072,2048,7,28,112,40,5,6,142
Olympus FE-300,2007,4000,2048,12,35,105,60,10,48,115
Olympus IR-300,2005,2560,2048,4,38,114,50,5,15,160
Olympus Stylus 300,2003,2048,1600,3,35,105,50,20,16,220
Olympus Stylus 400,2003,2272,2048,3,35,105,50,20,16,220
Olympus SP-310,2005,3072,2592,7,38,114,20,5,32,230
Olympus SP-320,2006,3072,2592,7,38,114,20,2,25,230
Olympus SP-350,2005,3264,2592,8,38,114,20,5,32,245
Olympus SP-500 UZ,2005,2816,2592,6,38,380,60,3,10,385
Olympus SP-510 UZ,2006,3072,2560,7,38,380,60,3,0,410
Olympus SP-550 UZ,2007,3072,2560,7,28,504,10,1,20,460
Olympus SP-560 UZ,2007,3264,2560,8,27,486,10,1,47,365
Olympus SP-700,2005,2816,2288,6,38,114,30,10,11,180
Olympus Stylus 1000,2006,3648,2560,10,35,105,60,10,0,195
Olympus Stylus 1200,2007,4000,3264,12,35,105,60,10,47,125
Olympus Stylus 410,2004,2272,2048,3,35,105,50,20,16,200
Olympus Stylus 500,2004,2560,2048,4,35,105,50,7,32,200
Olympus Stylus 600,2005,2816,2560,6,35,105,50,7,8,195
Olympus Stylus 700,2006,3072,2560,7,37,111,60,8,19,140
Olympus Stylus 720 SW,2006,3072,2560,7,37,111,60,8,19,190
Olympus Stylus 725 SW,2006,3072,2560,7,38,114,60,2,19,190
Olympus Stylus 730,2006,3072,2560,7,38,114,50,7,22,190
Olympus Stylus 740,2006,3072,2560,7,36,180,70,3,17,160
Olympus Stylus 750,2006,3072,2560,7,36,180,70,3,17,170
Olympus Stylus 760,2007,3072,2560,7,37,111,60,8,18,160
Olympus Stylus 770 SW,2007,3072,2560,7,38,114,50,7,18,195
Olympus Stylus 780,2007,3072,2560,7,36,180,70,3,18,195
Olympus Stylus 790 SW,2007,3072,2560,7,38,114,50,7,14,155
Olympus Stylus 800,2005,3264,2560,8,38,114,50,3,19,200
Olympus Stylus 810,2006,3264,2560,8,35,105,60,10,28,185
Olympus Stylus 820,2007,3264,2560,8,36,180,70,3,47,125
Olympus Stylus 830,2007,3248,2560,8,36,180,70,3,14,125
Olympus Stylus Verve ,2004,2272,2048,3,35,70,50,8,16,165
Olympus Stylus Verve  S,2005,2560,2048,4,35,70,50,8,16,165
Panasonic Lumix DMC-F7,2001,1600,800,1,35,70,50,10,8,200
Panasonic Lumix DMC-FX01,2006,2816,2048,6,28,102,50,5,16,155
Panasonic Lumix DMC-FX07,2006,3072,2560,7,28,102,50,5,0,170
Panasonic Lumix DMC-FX1,2003,2048,1600,3,35,105,50,10,16,185
Panasonic Lumix DMC-FX10,2007,2816,2048,6,35,105,50,5,27,155
Panasonic Lumix DMC-FX100,2007,4000,3264,12,28,100,50,5,27,150
Panasonic Lumix DMC-FX12,2007,3072,2560,7,35,105,50,5,27,155
Panasonic Lumix DMC-FX2,2004,2304,1600,4,35,105,50,5,16,148
Panasonic Lumix DMC-FX3,2006,2816,2048,6,35,105,50,5,13,165
Panasonic Lumix DMC-FX30,2007,3072,2560,7,28,100,50,5,27,162
Panasonic Lumix DMC-FX33,2007,3264,2560,8,28,100,50,5,27,154
Panasonic Lumix DMC-FX5,2003,2304,1600,4,35,105,50,10,16,185
Panasonic Lumix DMC-FX50,2006,3072,2560,7,28,102,50,5,0,190
Panasonic Lumix DMC-FX55,2007,3264,2560,8,28,100,50,5,27,165
Panasonic Lumix DMC-FX7,2004,2560,2048,4,35,105,50,5,16,153
Panasonic Lumix DMC-FX8,2005,2560,2560,5,35,105,50,5,16,155
Panasonic Lumix DMC-FX9,2005,2816,2048,6,35,105,50,5,16,155
Panasonic Lumix DMC-FZ1,2002,1600,1280,2,35,420,30,3,8,354
Panasonic Lumix DMC-FZ10,2003,2304,1600,4,35,420,30,5,16,550
Panasonic Lumix DMC-FZ18,2007,3264,2560,8,28,504,30,1,27,407
Panasonic Lumix DMC-FZ2,2003,1600,1280,2,35,420,30,5,0,350
Panasonic Lumix DMC-FZ20,2004,2560,2048,5,36,432,30,5,16,556
Panasonic Lumix DMC-FZ3,2004,2016,1600,3,35,420,30,5,16,326
Panasonic Lumix DMC-FZ30,2005,3264,2560,8,35,420,30,5,32,740
Panasonic Lumix DMC-FZ4,2005,2304,1600,4,35,420,50,5,8,326
Panasonic Lumix DMC-FZ5,2005,2560,2048,4,36,432,50,5,16,326
Panasonic Lumix DMC-FZ50,2006,3648,3264,10,35,420,30,5,32,734
Panasonic Lumix DMC-FZ7,2006,2816,2304,6,36,432,30,5,16,340
Panasonic Lumix DMC-FZ8,2007,3072,2560,7,36,432,30,5,27,340
Panasonic Lumix DMC-L1,2006,3136,2560,7,0,0,0,0,0,606
Panasonic Lumix DMC-L10,2007,3648,2816,10,0,0,0,0,0,556
Panasonic Lumix DMC-LC1,2004,2560,2048,4,28,90,30,30,16,705
Panasonic Lumix DMC-LC20,2002,1600,1024,1,35,105,50,15,8,290
Panasonic Lumix DMC-LC33,2003,2048,1600,3,35,105,50,10,32,215
Panasonic Lumix DMC-LC40,2002,2240,1600,3,33,100,30,6,16,420
Panasonic Lumix DMC-LC43,2003,2304,1600,4,35,105,50,10,32,215
Panasonic Lumix DMC-LC5,2001,2240,1600,3,33,100,30,6,32,435
Panasonic Lumix DMC-LC50,2004,2048,1600,3,35,105,50,10,16,210
Panasonic Lumix DMC-LC70,2004,2304,1600,4,35,105,50,10,16,210
Panasonic Lumix DMC-LC80,2004,2560,2048,4,35,105,50,10,16,207
Panasonic Lumix DMC-LS1,2005,2304,1600,4,35,105,50,5,14,188
Panasonic Lumix DMC-LS2,2006,2560,2048,5,35,105,50,5,14,188
Panasonic Lumix DMC-LS60,2007,2816,2048,6,35,105,50,5,27,188
Panasonic Lumix DMC-LS75,2007,3072,2560,7,35,105,50,5,27,188
Panasonic Lumix DMC-LX1,2005,3840,3072,8,28,112,50,5,32,220
Panasonic Lumix DMC-LX2,2006,4224,3840,10,28,112,50,5,13,220
Panasonic Lumix DMC-LZ1,2005,2304,1600,4,37,222,50,5,14,224
Panasonic Lumix DMC-LZ2,2005,2560,2048,5,37,222,50,5,14,224
Panasonic Lumix DMC-LZ3,2006,2560,2048,5,37,222,50,5,14,230
Panasonic Lumix DMC-LZ5,2006,2816,2048,6,37,222,50,5,14,230
Panasonic Lumix DMC-LZ6,2007,3072,2560,7,37,222,50,5,27,230
Panasonic Lumix DMC-LZ7,2007,3072,2560,7,37,222,50,5,27,234
Panasonic Lumix DMC-TZ1,2006,2560,2048,4,35,350,40,5,13,250
Panasonic Lumix DMC-TZ2,2007,2816,2048,6,28,280,50,5,13,260
Panasonic Lumix DMC-TZ3,2007,3072,2560,7,28,280,50,5,13,280
Pentax EI-100,2001,1280,640,1,42,42,60,30,8,240
Pentax EI-200,2000,1600,800,1,34,108,50,10,16,390
Pentax EI-2000,2000,1600,800,1,34,108,50,10,16,630
Pentax *ist D,2003,3008,2400,6,0,0,0,0,0,650
Pentax *ist DL,2005,3008,2400,6,0,0,0,0,0,565
Pentax *ist DL2,2006,3008,2400,6,0,0,0,0,0,565
Pentax *ist DS,2004,3008,2400,6,0,0,0,0,0,605
Pentax *ist DS2,2005,3008,2400,6,0,0,0,0,0,605
Pentax K100D,2006,3008,2400,6,0,0,0,0,0,660
Pentax K100D Super,2007,3008,2400,6,0,0,0,0,0,646
Pentax K10D,2006,3872,3008,10,0,0,0,0,0,793
Pentax K110D,2006,3008,2400,6,0,0,0,0,0,585
Pentax Optio 230,2002,1600,1024,1,38,114,50,10,16,230
Pentax Optio 30,2004,2048,1600,3,38,114,50,2,16,180
Pentax Optio 330,2001,2048,1024,3,37,111,40,14,16,240
Pentax Optio 330GS,2002,2048,1600,3,38,114,4,5,16,230
Pentax Optio 330RS,2002,2048,1024,3,37,111,40,14,16,240
Pentax Optio 33L,2003,2048,1600,3,38,114,40,10,16,225
Pentax Optio 33LF,2003,2048,1600,3,38,114,40,10,12,225
Pentax Optio 33WR,2003,2048,1600,3,37,104,30,1,16,208
Pentax Optio 430,2001,2240,1120,3,37,111,40,14,16,240
Pentax Optio 430RS,2002,2240,1120,3,37,111,40,14,16,240
Pentax Optio 43WR,2004,2288,1600,3,37,104,30,1,16,200
Pentax Optio 450,2003,2288,1600,3,37,187,60,2,16,250
Pentax Optio 50,2005,2560,2048,4,32,96,50,6,12,180
Pentax Optio 550,2003,2592,2048,5,37,187,60,2,16,250
Pentax Optio 555,2003,2592,2048,5,37,187,60,2,16,250
Pentax Optio 60,2005,2848,2272,6,36,108,50,5,12,200
Pentax Optio 750Z,2004,3056,2592,7,37,187,60,2,32,255
Pentax Optio A10,2006,3264,2592,8,38,114,35,6,24,145
Pentax Optio A20,2006,3648,3072,10,38,114,35,6,22,145
Pentax Optio A30,2007,3648,3072,10,38,114,35,6,22,145
Pentax Optio E10,2006,2816,2272,6,34,102,50,5,10,180
Pentax Optio E20,2006,2816,2272,6,34,102,50,5,13,180
Pentax Optio E30,2007,3072,2592,7,36,108,50,15,11,190
Pentax Optio E40,2007,3264,2592,8,37,112,40,15,10,175
Pentax Optio M10,2006,2816,2560,6,35,105,70,10,22,170
Pentax Optio M20,2006,3072,2560,7,38,114,40,5,22,180
Pentax Optio M30,2007,3072,2592,7,38,114,40,10,22,120
Pentax Optio M40,2007,3264,2592,8,36,108,40,5,21,136
Pentax Optio MX4,2004,2304,1600,4,37,370,40,10,16,375
Pentax Optio S,2003,2048,1024,3,35,105,40,6,16,115
Pentax Optio S10,2007,3648,3072,10,38,114,35,6,22,116
Pentax Optio S30,2004,2048,1600,3,38,114,40,6,11,175
Pentax Optio S4,2003,2304,1600,4,35,105,40,6,11,115
Pentax Optio S40,2004,2304,1600,4,35,105,40,6,11,175
Pentax Optio S45,2005,2304,1600,4,35,107,40,6,11,155
Pentax Optio S4i,2004,2304,1600,4,35,105,40,6,10,120
Pentax Optio S50,2004,2560,2304,5,35,107,40,6,11,180
Pentax Optio S55,2005,2560,2304,5,35,107,40,6,11,155
Pentax Optio S5i,2004,2560,2048,4,36,107,40,6,10,120
Pentax Optio S5n,2005,2560,2304,4,35,107,40,6,9,120
Pentax Optio S5z,2005,2560,2304,5,35,107,40,6,9,120
Pentax Optio S6,2005,2816,2560,6,37,112,40,15,23,120
Pentax Optio S60,2005,2816,2560,6,35,106,40,6,11,135
Pentax Optio S7,2006,3072,2592,7,37,112,40,15,23,120
Pentax Optio SV,2004,2560,2048,5,36,180,60,3,32,165
Pentax Optio SVi,2005,2560,2048,5,36,180,60,3,32,165
Pentax Optio T10,2006,2816,2592,6,37,112,40,15,12,155
Pentax Optio T20,2006,3072,2592,7,37,112,40,15,12,155
Pentax Optio T30,2007,3072,2592,7,38,112,40,15,20,155
Pentax Optio W10,2006,2816,2560,6,38,114,40,1,10,160
Pentax Optio W20,2006,3072,2560,7,38,114,40,1,21,150
Pentax Optio W30,2007,3072,2560,7,38,114,40,1,21,155
Pentax Optio WP,2005,2560,2304,4,38,114,40,1,10,135
Pentax Optio WPi,2005,2816,2560,6,38,114,40,1,10,135
Pentax Optio X,2004,2560,2048,5,36,107,40,6,14,145
Pentax Optio Z10,2007,3264,2592,8,38,266,40,8,0,0
Ricoh Caplio 500G,2006,3264,2592,8,28,85,30,1,26,450
Ricoh Caplio R1V,2005,2560,2048,4,28,135,30,1,12,195
Ricoh Caplio R2,2005,2560,2048,4,28,135,30,1,28,195
Ricoh Caplio R3,2005,2560,2048,4,28,200,30,1,26,165
Ricoh Caplio R30,2006,2560,2048,4,28,160,30,1,28,180
Ricoh Caplio R4,2006,2816,2048,6,28,200,30,1,26,165
Ricoh Caplio R40,2006,2816,2048,6,28,160,30,1,26,165
Ricoh Caplio R5,2006,3072,2592,7,28,200,30,1,26,165
Ricoh Caplio R6,2007,3072,2592,7,28,200,30,1,54,165
Ricoh Caplio R7,2007,3264,3264,8,28,200,30,1,24,135
Ricoh Caplio RR530,2005,2560,2048,4,32,96,30,1,12,190
Ricoh Caplio RR630,2006,2816,2048,6,36,108,50,6,12,200
Ricoh Caplio G3,2003,2048,1280,3,35,105,30,1,8,230
Ricoh GR Digital,2005,3264,2592,8,28,28,30,2,26,200
Ricoh Caplio GX100,2007,3648,3264,10,24,72,30,1,26,260
Ricoh Caplio GX8,2005,3264,2592,8,28,85,30,1,26,260
Ricoh RDC-200G,2000,1792,1280,2,38,114,4,4,8,500
Ricoh RDC-4300,1998,1280,640,1,35,105,40,8,4,320
Ricoh RDC-5000,1999,1792,896,2,38,86,40,4,8,340
Ricoh RDC-5300,1999,1792,896,2,38,114,40,4,8,380
Ricoh RDC-6000,2000,1600,800,1,40,40,30,13,8,300
Ricoh RDC-7,2000,2048,1024,3,35,105,24,1,8,320
Ricoh RDC-i500,2001,2048,1024,3,35,105,24,1,8,320
Ricoh RDC-i700,2000,2048,1024,3,35,105,24,1,8,450
Ricoh Caplio RR1,2001,2272,1120,3,35,105,24,1,8,340
Ricoh Caplio RX,2004,2048,1280,3,28,100,30,1,8,215
Samsung Digimax A50,2005,2592,2272,5,35,105,80,5,11,185
Samsung Digimax A502,2005,2592,2272,5,31,31,100,2,16,175
Samsung Digimax A55W,2005,2592,2272,5,28,135,60,1,32,185
Samsung Digimax 130,2002,1280,640,1,43,43,80,40,8,250
Samsung Digimax 202,2004,1600,1024,1,35,47,120,19,6,135
Samsung Digimax 230,2002,1600,1024,1,33,100,80,20,0,0
Samsung Digimax 250,2004,1600,1024,1,35,76,80,15,6,210
Samsung Digimax 301,2004,2048,1600,3,35,33,10,19,16,137
Samsung Digimax 350SE,2002,2048,1024,3,34,102,80,20,0,320
Samsung Digimax 370,2004,2048,1620,3,35,114,80,5,0,157
Samsung Digimax 401,2004,2048,1600,4,35,33,10,19,16,137
Samsung Digimax 410,2002,2272,1600,3,34,102,80,20,0,340
Samsung Digimax 430,2004,2272,2048,3,35,114,80,5,32,210
Samsung Digimax 530,2004,2592,2048,5,38,114,80,6,32,195
Samsung Digimax V4,2003,2272,1120,3,38,114,80,6,0,210
Samsung GX-10,2006,3872,3008,10,0,0,0,0,0,793
Samsung GX-1L,2006,3008,2400,6,0,0,0,0,0,570
Samsung GX-1S,2006,3008,2400,6,0,0,0,0,0,605
Samsung Digimax i5,2005,2595,2272,5,39,117,50,5,50,155
Samsung Digimax i6,2006,2816,2592,6,39,117,50,1,45,0
Samsung i7,2007,3072,2592,7,38,114,80,5,450,210
Samsung i70,2007,3072,2592,7,38,114,80,5,20,180
Samsung i85,2007,3264,2592,8,36,108,80,5,173,0
Samsung L83T,2007,3264,2592,8,38,114,80,5,19,160
Samsung L700,2007,3072,2592,7,35,105,80,5,20,170
Samsung L73,2007,3072,2592,7,35,105,80,5,19,180
Samsung L730,2007,3264,2592,7,38,114,80,10,16,183
Samsung L74 Wide,2007,3072,2592,7,28,101,80,5,450,210
Samsung L77,2007,3072,2592,7,38,266,80,10,0,0
Samsung L830,2007,3264,2592,8,38,114,80,5,10,183
Samsung NV10,2006,3648,3136,10,35,105,80,4,20,190
Samsung NV11,2007,3648,3136,10,35,190,80,1,0,240
Samsung NV15,2007,3648,2592,10,34,102,80,4,20,0
Samsung NV20,2007,4000,2592,12,34,102,80,4,20,0
Samsung NV3,2006,3072,2816,7,38,114,80,1,15,155
Samsung NV7 OPS,2006,3072,2688,7,38,270,80,1,19,290
Samsung NV8,2007,3264,2592,8,34,102,80,4,20,0
Samsung Pro815,2005,3264,2400,8,28,420,10,3,0,910
Samsung S1030,2007,3648,3476,10,35,105,80,4,45,220
Samsung S1050,2007,3648,3476,10,38,190,80,1,45,254
Samsung S630,2007,2816,2048,6,35,105,80,5,16,186
Samsung S730,2007,3072,2592,7,35,105,80,5,16,186
Samsung S830,2007,3264,3072,8,35,105,80,4,45,220
Samsung S85,2007,3264,2592,8,38,190,80,1,20,204
Samsung S850,2007,3264,2592,8,38,190,80,1,20,222
Samsung Digimax U-CA 3,2003,2048,2048,3,35,114,80,5,0,134
Samsung Digimax U-CA 4,2004,2272,2048,4,35,105,80,5,0,169
Samsung Digimax U-CA 401,2004,2272,1136,3,35,35,60,6,0,165
Samsung Digimax V40,2004,2272,2048,3,35,113,80,5,0,230
Samsung Digimax V5,2004,2592,2272,5,38,114,80,5,0,180
Samsung Digimax V50,2004,2592,2272,5,35,113,80,5,256,230
Samsung Digimax V6,2004,2816,2560,6,38,114,80,6,0,220
Samsung Digimax V700,2005,3072,2816,7,38,114,80,4,128,220
Samsung Digimax V800,2005,3264,2816,8,38,114,80,4,32,220
Sanyo DSC-AZ1,2001,2288,1600,3,35,98,50,10,16,340
Sanyo DSC-J1,2003,2048,1600,3,37,104,20,2,8,205
Sanyo DSC-S1,2003,2048,1600,3,36,108,50,16,8,190
Sanyo Xacti DSC-S3,2004,2048,1600,3,37,112,50,2,16,185
Sanyo Xacti DSC-S4,2004,2288,1600,3,37,105,50,2,16,185
Sanyo DSC-MZ1,2001,1600,640,1,35,98,50,10,8,340
Sanyo VPC-X350,1999,1024,640,0,38,38,60,10,4,260
Sanyo VPC-Z400,1999,1280,640,1,34,102,80,20,4,350
Sigma DP1,2006,2640,1776,4,28,28,0,0,0,270
Sigma SD10,2003,2268,1134,3,0,0,0,0,0,950
Sigma SD14,2006,2640,1776,4,0,0,0,0,0,750
Sigma SD9,2002,2268,1134,3,0,0,0,0,0,950
Sony Mavica FD-91,1998,1024,640,0,37,518,80,3,1,950
Sony Mavica CD1000,2000,1600,1600,1,37,370,80,3,8,980
Sony Mavica CD200,2001,1600,1024,1,39,117,50,3,8,620
Sony Mavica CD250,2002,1600,1280,1,41,123,50,3,6,610
Sony Mavica CD300,2001,2048,1600,3,34,102,50,4,8,620
Sony Mavica CD350,2003,2048,1632,3,41,123,50,10,1,522
Sony Mavica CD400,2002,2272,1600,3,34,102,50,4,6,640
Sony Mavica CD500,2003,2592,2048,5,34,102,50,4,1,606
Sony DSC-D700,1998,1344,640,1,28,140,20,0,8,900
Sony DSC-D770,1999,1344,640,1,28,140,20,0,8,900
Sony DSC-F505,1999,1600,1024,1,38,190,80,8,4,475
Sony DSC-F505V,2000,1856,1600,2,38,190,50,2,8,482
Sony DSC-F55,1999,1600,640,1,37,37,50,10,4,300
Sony DSC-F55V,2000,1856,1600,2,37,37,25,10,8,280
Sony DSC-F707,2001,2560,2048,4,38,190,50,2,16,667
Sony DSC-F717,2002,2560,2048,4,38,190,50,2,32,659
Sony DSC-F828,2003,3264,2592,8,28,200,50,2,0,906
Sony DSC-F88,2004,2592,2048,5,38,114,50,8,32,202
Sony DSC-G1,2007,2816,2048,6,38,114,50,8,2,238
Sony DSC-H1,2005,2592,2048,5,36,432,50,2,32,591
Sony DSC-H2,2006,2816,2048,6,36,432,50,2,32,490
Sony DSC-H3,2007,3264,3264,8,38,380,50,2,31,264
Sony DSC-H5,2006,3072,2592,7,36,432,50,2,32,490
Sony DSC-H7,2007,3264,2592,8,31,465,50,2,31,405
Sony DSC-H9,2007,3264,2592,8,31,465,50,2,31,440
Sony DSC-L1,2004,2304,1280,4,32,96,12,12,16,152
Sony DSC-M1,2004,2592,2048,5,38,114,50,8,32,215
Sony DSC-M2,2005,2592,2048,5,38,114,50,1,32,240
Sony DSC-N1,2005,3264,2592,8,38,114,50,6,32,139
Sony DSC-N2,2006,3264,2592,10,38,114,50,6,32,139
Sony DSC-P1,2000,2048,1600,3,39,117,50,10,8,250
Sony DSC-P10,2003,2592,2048,5,38,114,50,10,32,206
Sony DSC-P100,2004,2592,2048,5,38,114,50,10,32,180
Sony DSC-P150,2004,3072,2592,7,38,114,50,6,32,180
Sony DSC-P2,2002,1600,1280,1,39,117,50,10,16,214
Sony DSC-P20,2001,1216,1024,1,42,42,60,3,4,230
Sony DSC-P200,2005,3072,2592,7,38,114,50,6,32,180
Sony DSC-P3,2001,1920,1600,2,36,36,25,10,8,194
Sony DSC-P30,2001,1280,1024,1,41,123,50,3,4,250
Sony DSC-P31,2002,1600,1280,1,33,33,10,10,8,231
Sony DSC-P32,2003,2048,1632,3,33,33,10,10,16,217
Sony DSC-P41,2004,2272,1600,3,33,33,10,10,16,180
Sony DSC-P5,2001,2048,1600,3,39,117,50,10,8,214
Sony DSC-P50,2001,1600,1024,1,41,123,50,3,4,250
Sony DSC-P51,2002,1600,1280,1,41,82,8,8,16,275
Sony DSC-P52,2003,2048,1632,3,41,82,8,8,16,280
Sony DSC-P7,2002,2048,1600,3,39,117,50,10,16,214
Sony DSC-P71,2002,2048,1600,3,39,117,50,10,16,284
Sony DSC-P72,2003,2048,1632,3,39,117,50,10,16,259
Sony DSC-P73,2004,2272,1600,3,39,117,50,10,16,243
Sony DSC-P8,2003,2048,1632,3,39,117,50,10,16,206
Sony DSC-P9,2002,2272,1600,3,39,117,50,10,16,206
Sony DSC-P92,2003,2592,2048,5,38,114,50,10,16,259
Sony DSC-P93,2004,2592,2048,5,38,114,50,10,32,236
Sony DSC-R1,2005,3888,3264,10,24,120,0,0,0,995
Sony DSC-S30,2000,1280,640,1,39,117,25,3,4,370
Sony DSC-S40,2005,2304,2048,4,32,96,0,0,32,184
Sony DSC-S50,2000,1600,1280,1,39,117,25,3,4,370
Sony DSC-S60,2005,2304,2048,4,39,117,50,10,32,249
Sony DSC-S600,2006,2816,2048,6,31,93,12,0,32,180
Sony DSC-S650,2007,3072,2592,7,35,105,35,5,24,178
Sony DSC-S70,2000,2048,1600,3,34,102,25,4,8,420
Sony DSC-S700,2007,3072,2592,7,35,105,35,5,24,178
Sony DSC-S75,2001,2048,1600,3,34,102,50,4,8,444
Sony DSC-S800,2007,3264,2592,8,37,222,50,2,54,245
Sony DSC-S85,2001,2272,1600,3,34,102,50,4,16,444
Sony DSC-S90,2005,2304,2048,4,39,117,50,10,32,253
Sony DSC-T1,2003,2592,2048,5,38,114,25,1,32,180
Sony DSC-T10,2006,3072,2592,7,38,114,50,1,56,168
Sony DSC-T100,2007,3264,2592,8,35,175,50,1,31,197
Sony DSC-T11,2004,2592,2048,5,38,114,50,8,32,186
Sony DSC-T20,2007,3264,2592,8,38,114,50,1,31,197
Sony DSC-T200,2007,3264,3264,8,35,175,50,1,31,160
Sony DSC-T3,2004,2592,2048,5,38,114,50,8,32,186
Sony DSC-T30,2006,3072,2592,7,38,114,50,1,58,172
Sony DSC-T33,2005,2592,2048,5,38,114,50,8,32,150
Sony DSC-T5,2005,2592,2048,5,38,114,50,8,32,139
Sony DSC-T50,2006,3072,2592,7,38,114,50,1,58,170
Sony DSC-T7,2005,2592,2048,5,38,114,50,8,32,134
Sony DSC-T9,2005,2816,2048,6,38,114,50,1,32,185
Sony DSC-U10,2002,1280,640,1,33,33,10,10,8,118
Sony DSC-U20,2002,1632,640,2,33,33,10,10,8,118
Sony DSC-U30,2003,1632,640,2,33,33,10,10,8,130
Sony DSC-U40,2003,1632,640,2,33,33,10,10,8,130
Sony DSC-U50,2003,1632,640,2,33,33,10,10,8,132
Sony DSC-U60,2003,1632,640,2,33,33,10,10,8,200
Sony DSC-V1,2003,2592,2048,5,34,136,40,10,32,298
Sony DSC-V3,2004,3072,2592,7,34,136,40,10,0,390
Sony DSC-W1,2004,2592,2048,5,38,114,50,6,32,250
Sony DSC-W100,2006,3264,2592,8,38,114,50,6,64,192
Sony DSC-W200,2007,4000,3264,12,35,105,34,5,31,195
Sony DSC-W30,2006,2816,2048,6,38,114,50,2,32,153
Sony DSC-W35,2007,3072,2592,7,38,114,30,2,56,149
Sony DSC-W5,2005,2592,2048,5,38,114,50,6,32,250
Sony DSC-W50,2006,2816,2048,6,38,114,50,2,32,157
Sony DSC-W55,2007,3072,2592,7,38,114,30,2,56,147
Sony DSC-W7,2005,3072,2592,7,38,114,50,6,32,250
Sony DSC-W70,2006,3072,2592,7,38,114,50,2,58,157
Sony DSC-W80,2007,3072,2592,7,35,105,50,4,31,175
Sony DSC-W90,2007,3254,2592,8,35,105,50,4,31,175
Sony DSLR-A100,2006,3872,3896,10,0,0,0,0,0,638
Sony DSLR-A700,2007,4272,3104,12,0,0,0,0,0,768
Sony Mavica FD-100,2002,1280,1024,1,37,111,0,0,1,0
Sony Mavica FD-200,2002,1600,1024,1,37,111,19,3,1,520
Sony Mavica FD-71,1998,640,320,0,40,400,1,1,1,500
Sony Mavica FD-73,1999,640,320,0,40,400,1,1,1,500
Sony Mavica FD-75,2001,640,320,0,40,400,1,1,1,580
Sony Mavica FD-81,1998,1024,640,0,37,111,1,1,1,580
Sony Mavica FD-83,1999,1024,640,0,37,111,1,1,1,580
Sony Mavica FD-85,2000,1280,1280,1,37,111,1,1,1,0
Sony Mavica FD-87,2001,1280,1024,1,39,117,25,3,1,630
Sony Mavica FD-88,1999,1280,1024,1,34,270,4,4,1,600
Sony Mavica FD-90,2000,1280,1280,1,34,270,4,4,1,0
Sony Mavica FD-92,2001,1472,1280,1,41,328,25,3,1,660
Sony Mavica FD-95,2000,1600,1600,1,37,370,80,3,1,900
Sony Mavica FD-97,2001,1600,1024,1,39,390,25,2,1,990
Toshiba PDR-3310,2002,2048,1024,3,35,105,55,12,8,205
Toshiba PDR-3330,2002,2048,1024,3,35,100,80,10,8,320
Toshiba PDR-4300,2003,2400,1200,3,35,100,80,10,16,0
Toshiba PDR-5300,2003,2560,2048,4,35,105,80,10,16,230
Toshiba PDR-M1,1998,1280,640,1,35,35,50,9,4,290
Toshiba PDR-M11,2001,1280,640,1,52,52,90,0,8,240
Toshiba PDR-M21,2001,1600,800,1,39,39,50,0,8,240
Toshiba PDR-M25,2001,1729,896,2,38,114,40,8,8,320
Toshiba PDR-M3,1999,1280,640,1,38,115,90,25,4,380
Toshiba PDR-M4,1999,1600,800,1,40,40,50,10,8,290
Toshiba PDR-M5,1999,1600,800,1,40,120,90,25,8,350
Toshiba PDR-M60,2000,1792,896,2,38,86,50,5,4,320
Toshiba PDR-M61,2001,1792,896,2,38,114,50,5,8,310
Toshiba PDR-M65,2001,2048,1024,3,38,114,10,10,8,320
Toshiba PDR-M70,2000,2048,1024,3,35,105,80,9,16,390
Toshiba PDR-M71,2001,2048,1024,3,35,98,80,10,8,340
Toshiba PDR-M81,2001,2400,1200,3,35,98,80,10,16,340
Toshiba PDR-T10,2002,1600,800,1,38,38,40,20,8,180